DJI,NASDAQ,NYA,RUT,S&P
0.5185057379732612,0.49855690124888735,0.5211955944328364,0.5668772922098007,0.5092254842936573
0.488545588908048,0.5064287495102753,0.4956109550561798,0.4766513002780026,0.5
0.5580536176560924,0.4968828803586439,0.5459023734885804,0.5172401706930242,0.510870995185013
0.5217016481791339,0.5006228437059356,0.5209029743258655,0.5202562543936091,0.5066988264928901
0.5580536176560924,0.5064287495102753,0.5459023734885804,0.5668772922098007,0.510870995185013
0.03486404877008324,0.00509725349005643,0.02514698613911721,0.04518854916553442,0.0058594055850211746
